TRANSPORT,TIME,LOC,EVENT
CARGO_119,1859-11-30 07:24:28,Irondale,DEPART
CARGO_119,1859-11-30 20:30:48,Rustport,ARRIVE
CARGO_120,1859-11-30 20:30:48,Rustport,DEPART
CARGO_120,1859-12-01 09:23:35,Irondale,ARRIVE
CARGO_120,1859-12-01 16:00:34,Leverstorm,ARRIVE
CARGO_121,1859-12-01 16:00:34,Leverstorm,DEPART
CARGO_121,1859-12-01 23:03:50,Irondale,ARRIVE
CARGO_121,1859-12-02 12:38:12,Rustport,ARRIVE
CARGO_122,1859-12-02 12:38:12,Rustport,DEPART
CARGO_122,1859-12-03 08:03:20,Steamdrift,ARRIVE
CARGO_123,1859-12-03 08:03:20,Steamdrift,DEPART
CARGO_123,1859-12-03 22:44:20,Cogburg,ARRIVE
CARGO_123,1859-12-04 10:18:30,Copperhold,ARRIVE
CARGO_124,1859-11-24 08:00:00,Copperhold,DEPART
CARGO_124,1859-11-24 19:07:58,Cogburg,ARRIVE
CARGO_124,1859-11-25 08:44:07,Steamdrift,ARRIVE
CARGO_125,1859-11-25 08:44:07,Steamdrift,DEPART
CARGO_125,1859-11-25 21:55:36,Cogburg,ARRIVE
CARGO_125,1859-11-26 08:07:00,Irondale,ARRIVE
CARGO_125,1859-11-26 13:37:17,Gizbourne,ARRIVE
CARGO_126,1859-11-26 13:37:17,Gizbourne,DEPART
CARGO_126,1859-11-26 18:52:16,Irondale,ARRIVE
CARGO_126,1859-11-27 05:10:30,Cogburg,ARRIVE
CARGO_127,1859-11-27 05:10:30,Cogburg,DEPART
CARGO_127,1859-11-27 16:10:02,Irondale,ARRIVE
CARGO_127,1859-11-27 21:17:55,Gizbourne,ARRIVE
CARGO_128,1859-11-27 21:17:55,Gizbourne,DEPART
CARGO_128,1859-11-28 06:47:36,Leverstorm,ARRIVE
CARGO_129,1859-11-28 06:47:36,Leverstorm,DEPART
CARGO_129,1859-11-28 12:40:13,Copperhold,ARRIVE
CARGO_130,1859-11-28 12:40:13,Copperhold,DEPART
CARGO_130,1859-11-29 00:11:55,Cogburg,ARRIVE
CARGO_131,1859-11-29 00:11:55,Cogburg,DEPART
CARGO_131,1859-11-29 14:08:22,Steamdrift,ARRIVE
CARGO_132,1859-11-29 14:08:22,Steamdrift,DEPART
CARGO_132,1859-11-30 03:30:27,Cogburg,ARRIVE
CARGO_133,1859-11-30 03:30:27,Cogburg,DEPART
CARGO_133,1859-11-30 14:20:27,Irondale,ARRIVE
CARGO_134,1859-11-30 14:20:27,Irondale,DEPART
CARGO_134,1859-12-01 01:22:01,Cogburg,ARRIVE
CARGO_134,1859-12-01 14:16:36,Steamdrift,ARRIVE
CARGO_135,1859-12-01 14:16:36,Steamdrift,DEPART
CARGO_135,1859-12-02 09:35:44,Rustport,ARRIVE
CARGO_136,1859-11-24 08:00:00,Rustport,DEPART
CARGO_136,1859-11-24 20:25:15,Gizbourne,ARRIVE
CARGO_137,1859-11-24 20:25:15,Gizbourne,DEPART
CARGO_137,1859-11-25 04:52:22,Leverstorm,ARRIVE
CARGO_138,1859-11-25 04:52:22,Leverstorm,DEPART
CARGO_138,1859-11-25 10:59:49,Copperhold,ARRIVE
CARGO_139,1859-11-25 10:59:49,Copperhold,DEPART
CARGO_139,1859-11-25 14:24:02,Irondale,ARRIVE
CARGO_139,1859-11-26 04:01:42,Rustport,ARRIVE
CARGO_140,1859-11-26 04:01:42,Rustport,DEPART
CARGO_140,1859-11-26 16:53:11,Irondale,ARRIVE
CARGO_140,1859-11-27 00:14:13,Leverstorm,ARRIVE
CARGO_141,1859-11-27 00:14:13,Leverstorm,DEPART
CARGO_141,1859-11-27 06:52:51,Irondale,ARRIVE
CARGO_141,1859-11-27 20:23:49,Rustport,ARRIVE
CARGO_142,1859-11-27 20:23:49,Rustport,DEPART
CARGO_142,1859-11-28 15:41:42,Steamdrift,ARRIVE
CARGO_143,1859-11-28 15:41:42,Steamdrift,DEPART
CARGO_143,1859-11-29 05:07:18,Cogburg,ARRIVE
CARGO_143,1859-11-29 16:52:38,Copperhold,ARRIVE
CARGO_143,1859-11-29 22:54:00,Leverstorm,ARRIVE
CARGO_144,1859-11-29 22:54:00,Leverstorm,DEPART
CARGO_144,1859-11-30 08:06:59,Gizbourne,ARRIVE
CARGO_145,1859-11-30 08:06:59,Gizbourne,DEPART
CARGO_145,1859-11-30 13:23:40,Irondale,ARRIVE
CARGO_145,1859-11-30 17:04:24,Copperhold,ARRIVE
CARGO_146,1859-11-30 17:04:24,Copperhold,DEPART
CARGO_146,1859-11-30 20:33:42,Irondale,ARRIVE
CARGO_146,1859-12-01 02:00:59,Gizbourne,ARRIVE
CARGO_147,1859-12-01 02:00:59,Gizbourne,DEPART
CARGO_147,1859-12-01 07:23:24,Irondale,ARRIVE
CARGO_147,1859-12-01 10:50:35,Copperhold,ARRIVE
CARGO_148,1859-11-24 08:00:00,Copperhold,DEPART
CARGO_148,1859-11-24 19:09:37,Cogburg,ARRIVE
CARGO_149,1859-11-24 19:09:37,Cogburg,DEPART
CARGO_149,1859-11-25 05:37:21,Irondale,ARRIVE
CARGO_149,1859-11-25 10:53:35,Gizbourne,ARRIVE
CARGO_150,1859-11-25 10:53:35,Gizbourne,DEPART
CARGO_150,1859-11-25 22:55:12,Rustport,ARRIVE
CARGO_151,1859-11-25 22:55:12,Rustport,DEPART
CARGO_151,1859-11-26 13:16:44,Irondale,ARRIVE
CARGO_151,1859-11-26 17:01:27,Copperhold,ARRIVE
CARGO_152,1859-11-26 17:01:27,Copperhold,DEPART
CARGO_152,1859-11-26 20:36:21,Irondale,ARRIVE
CARGO_152,1859-11-27 01:54:16,Gizbourne,ARRIVE
CARGO_153,1859-11-27 01:54:16,Gizbourne,DEPART
CARGO_153,1859-11-27 07:00:32,Irondale,ARRIVE
CARGO_154,1859-11-27 07:00:32,Irondale,DEPART
CARGO_154,1859-11-27 10:31:55,Copperhold,ARRIVE
CARGO_155,1859-11-27 10:31:55,Copperhold,DEPART
CARGO_155,1859-11-27 14:08:05,Irondale,ARRIVE
CARGO_156,1859-11-27 14:08:05,Irondale,DEPART
CARGO_156,1859-11-27 19:24:30,Gizbourne,ARRIVE
CARGO_157,1859-11-27 19:24:30,Gizbourne,DEPART
CARGO_157,1859-11-28 00:45:11,Irondale,ARRIVE
CARGO_157,1859-11-28 10:36:33,Cogburg,ARRIVE
CARGO_157,1859-11-29 00:15:28,Steamdrift,ARRIVE
CARGO_158,1859-11-29 00:15:28,Steamdrift,DEPART
CARGO_158,1859-11-29 14:58:25,Cogburg,ARRIVE
CARGO_158,1859-11-30 01:28:17,Irondale,ARRIVE
CARGO_158,1859-11-30 08:22:14,Leverstorm,ARRIVE
CARGO_159,1859-11-30 08:22:14,Leverstorm,DEPART
CARGO_159,1859-11-30 14:27:56,Copperhold,ARRIVE
CARGO_159,1859-12-01 01:54:40,Cogburg,ARRIVE
CARGO_159,1859-12-01 16:35:14,Steamdrift,ARRIVE
CARGO_160,1859-11-24 08:00:00,Steamdrift,DEPART
CARGO_160,1859-11-24 21:50:31,Cogburg,ARRIVE
CARGO_160,1859-11-25 08:23:30,Irondale,ARRIVE
CARGO_160,1859-11-25 15:18:04,Leverstorm,ARRIVE
CARGO_161,1859-11-25 15:18:04,Leverstorm,DEPART
CARGO_161,1859-11-26 01:18:44,Gizbourne,ARRIVE
CARGO_162,1859-11-26 01:18:44,Gizbourne,DEPART
CARGO_162,1859-11-26 06:33:52,Irondale,ARRIVE
CARGO_163,1859-11-26 06:33:52,Irondale,DEPART
CARGO_163,1859-11-26 20:23:52,Rustport,ARRIVE
CARGO_164,1859-11-26 20:23:52,Rustport,DEPART
CARGO_164,1859-11-27 08:30:36,Gizbourne,ARRIVE
CARGO_165,1859-11-27 08:30:36,Gizbourne,DEPART
CARGO_165,1859-11-27 13:43:47,Irondale,ARRIVE
CARGO_166,1859-11-27 13:43:47,Irondale,DEPART
CARGO_166,1859-11-27 19:00:41,Gizbourne,ARRIVE
CARGO_167,1859-11-27 19:00:41,Gizbourne,DEPART
CARGO_167,1859-11-28 00:24:00,Irondale,ARRIVE
CARGO_167,1859-11-28 10:44:53,Cogburg,ARRIVE
CARGO_168,1859-11-28 10:44:53,Cogburg,DEPART
CARGO_168,1859-11-28 21:16:49,Irondale,ARRIVE
CARGO_169,1859-11-28 21:16:49,Irondale,DEPART
CARGO_169,1859-11-29 08:01:08,Cogburg,ARRIVE
CARGO_170,1859-11-29 08:01:08,Cogburg,DEPART
CARGO_170,1859-11-29 22:39:43,Rustport,ARRIVE
CARGO_171,1859-11-29 22:39:43,Rustport,DEPART
CARGO_171,1859-11-30 12:08:50,Gizbourne,ARRIVE
CARGO_172,1859-11-24 08:00:00,Gizbourne,DEPART
CARGO_172,1859-11-24 12:58:25,Irondale,ARRIVE
CARGO_172,1859-11-24 23:36:57,Cogburg,ARRIVE
CARGO_172,1859-11-25 13:47:31,Steamdrift,ARRIVE
CARGO_173,1859-11-25 13:47:31,Steamdrift,DEPART
CARGO_173,1859-11-26 09:55:48,Rustport,ARRIVE
CARGO_174,1859-11-26 09:55:48,Rustport,DEPART
CARGO_174,1859-11-26 22:28:36,Gizbourne,ARRIVE
CARGO_175,1859-11-26 22:28:36,Gizbourne,DEPART
CARGO_175,1859-11-27 03:36:58,Irondale,ARRIVE
CARGO_176,1859-11-27 03:36:58,Irondale,DEPART
CARGO_176,1859-11-27 07:10:36,Copperhold,ARRIVE
CARGO_177,1859-11-27 07:10:36,Copperhold,DEPART
CARGO_177,1859-11-27 10:41:56,Irondale,ARRIVE
CARGO_177,1859-11-27 23:52:32,Rustport,ARRIVE
CARGO_178,1859-11-27 23:52:32,Rustport,DEPART
CARGO_178,1859-11-28 13:33:14,Irondale,ARRIVE
CARGO_179,1859-11-28 13:33:14,Irondale,DEPART
CARGO_179,1859-11-29 00:42:52,Cogburg,ARRIVE
CARGO_180,1859-11-29 00:42:52,Cogburg,DEPART
CARGO_180,1859-11-29 14:21:14,Steamdrift,ARRIVE
CARGO_181,1859-11-29 14:21:14,Steamdrift,DEPART
CARGO_181,1859-11-30 04:37:35,Cogburg,ARRIVE
CARGO_182,1859-11-30 04:37:35,Cogburg,DEPART
CARGO_182,1859-11-30 15:40:51,Irondale,ARRIVE
CARGO_182,1859-11-30 20:42:35,Gizbourne,ARRIVE
CARGO_183,1859-11-30 20:42:35,Gizbourne,DEPART
CARGO_183,1859-12-01 01:37:36,Irondale,ARRIVE
CARGO_183,1859-12-01 05:27:05,Copperhold,ARRIVE
CARGO_184,1859-11-24 08:00:00,Copperhold,DEPART
CARGO_184,1859-11-24 11:43:49,Irondale,ARRIVE
CARGO_185,1859-11-24 11:43:49,Irondale,DEPART
CARGO_185,1859-11-24 22:55:20,Cogburg,ARRIVE
CARGO_186,1859-11-24 22:55:20,Cogburg,DEPART
CARGO_186,1859-11-25 13:08:07,Rustport,ARRIVE
CARGO_187,1859-11-25 13:08:07,Rustport,DEPART
CARGO_187,1859-11-26 01:57:31,Irondale,ARRIVE
CARGO_188,1859-11-26 01:57:31,Irondale,DEPART
CARGO_188,1859-11-26 14:53:21,Rustport,ARRIVE
CARGO_189,1859-11-26 14:53:21,Rustport,DEPART
CARGO_189,1859-11-27 03:23:16,Gizbourne,ARRIVE
CARGO_190,1859-11-27 03:23:16,Gizbourne,DEPART
CARGO_190,1859-11-27 08:31:15,Irondale,ARRIVE
CARGO_190,1859-11-27 11:56:29,Copperhold,ARRIVE
CARGO_191,1859-11-27 11:56:29,Copperhold,DEPART
CARGO_191,1859-11-27 22:58:41,Cogburg,ARRIVE
CARGO_192,1859-11-27 22:58:41,Cogburg,DEPART
CARGO_192,1859-11-28 15:41:55,Rustport,ARRIVE
CARGO_193,1859-11-28 15:41:55,Rustport,DEPART
CARGO_193,1859-11-29 04:24:01,Gizbourne,ARRIVE
CARGO_194,1859-11-29 04:24:01,Gizbourne,DEPART
CARGO_194,1859-11-29 13:28:45,Leverstorm,ARRIVE
CARGO_195,1859-11-29 13:28:45,Leverstorm,DEPART
CARGO_195,1859-11-29 19:46:49,Copperhold,ARRIVE
CARGO_195,1859-11-30 07:48:36,Cogburg,ARRIVE
CARGO_196,1859-11-24 08:00:00,Cogburg,DEPART
CARGO_196,1859-11-24 23:12:47,Steamdrift,ARRIVE
CARGO_197,1859-11-24 23:12:47,Steamdrift,DEPART
CARGO_197,1859-11-25 14:52:03,Cogburg,ARRIVE
CARGO_197,1859-11-26 02:30:08,Copperhold,ARRIVE
CARGO_198,1859-11-26 02:30:08,Copperhold,DEPART
CARGO_198,1859-11-26 06:27:33,Irondale,ARRIVE
CARGO_198,1859-11-26 11:54:08,Gizbourne,ARRIVE
CARGO_219,1859-12-01 08:05:31,Cogburg,DEPART
CARGO_219,1859-12-01 18:04:01,Irondale,ARRIVE
CARGO_220,1859-11-24 08:00:00,Irondale,DEPART
CARGO_220,1859-11-24 20:45:13,Rustport,ARRIVE
CARGO_221,1859-11-24 20:45:13,Rustport,DEPART
CARGO_221,1859-11-25 10:18:34,Gizbourne,ARRIVE
CARGO_222,1859-11-25 10:18:34,Gizbourne,DEPART
CARGO_222,1859-11-25 19:33:10,Leverstorm,ARRIVE
CARGO_223,1859-11-25 19:33:10,Leverstorm,DEPART
CARGO_223,1859-11-26 02:07:26,Irondale,ARRIVE
CARGO_223,1859-11-26 12:48:12,Cogburg,ARRIVE
CARGO_224,1859-11-26 12:48:12,Cogburg,DEPART
CARGO_224,1859-11-27 00:00:37,Irondale,ARRIVE
CARGO_225,1859-11-27 00:00:37,Irondale,DEPART
CARGO_225,1859-11-27 11:00:21,Cogburg,ARRIVE
CARGO_226,1859-11-27 11:00:21,Cogburg,DEPART
CARGO_226,1859-11-27 22:09:27,Irondale,ARRIVE
CARGO_226,1859-11-28 04:31:40,Leverstorm,ARRIVE
CARGO_227,1859-11-28 04:31:40,Leverstorm,DEPART
CARGO_227,1859-11-28 13:14:04,Gizbourne,ARRIVE
CARGO_228,1859-11-28 13:14:04,Gizbourne,DEPART
CARGO_228,1859-11-28 18:28:56,Irondale,ARRIVE
CARGO_228,1859-11-28 22:04:31,Copperhold,ARRIVE
CARGO_229,1859-11-28 22:04:31,Copperhold,DEPART
CARGO_229,1859-11-29 01:51:23,Irondale,ARRIVE
CARGO_229,1859-11-29 15:40:59,Rustport,ARRIVE
CARGO_230,1859-11-29 15:40:59,Rustport,DEPART
CARGO_230,1859-11-30 04:38:01,Gizbourne,ARRIVE
CARGO_231,1859-11-30 04:38:01,Gizbourne,DEPART
CARGO_231,1859-11-30 09:43:37,Irondale,ARRIVE
CARGO_231,1859-11-30 20:35:55,Cogburg,ARRIVE
CARGO_232,1859-11-24 08:00:00,Cogburg,DEPART
CARGO_232,1859-11-24 18:04:57,Irondale,ARRIVE
CARGO_232,1859-11-25 00:56:57,Leverstorm,ARRIVE
CARGO_233,1859-11-25 00:56:57,Leverstorm,DEPART
CARGO_233,1859-11-25 10:08:03,Gizbourne,ARRIVE
CARGO_234,1859-11-25 10:08:03,Gizbourne,DEPART
CARGO_234,1859-11-25 21:53:25,Rustport,ARRIVE
CARGO_235,1859-11-25 21:53:25,Rustport,DEPART
CARGO_235,1859-11-26 11:26:12,Irondale,ARRIVE
CARGO_236,1859-11-26 11:26:12,Irondale,DEPART
CARGO_236,1859-11-27 00:41:37,Rustport,ARRIVE
CARGO_237,1859-11-27 00:41:37,Rustport,DEPART
CARGO_237,1859-11-27 14:12:28,Irondale,ARRIVE
CARGO_237,1859-11-27 21:32:53,Leverstorm,ARRIVE
CARGO_238,1859-11-27 21:32:53,Leverstorm,DEPART
CARGO_238,1859-11-28 03:32:10,Copperhold,ARRIVE
CARGO_238,1859-11-28 14:40:37,Cogburg,ARRIVE
CARGO_239,1859-11-28 14:40:37,Cogburg,DEPART
CARGO_239,1859-11-29 00:13:28,Irondale,ARRIVE
CARGO_239,1859-11-29 05:35:59,Gizbourne,ARRIVE
CARGO_240,1859-11-29 05:35:59,Gizbourne,DEPART
CARGO_240,1859-11-29 11:02:08,Irondale,ARRIVE
CARGO_241,1859-11-29 11:02:08,Irondale,DEPART
CARGO_241,1859-11-29 21:33:36,Cogburg,ARRIVE
CARGO_241,1859-11-30 10:59:06,Steamdrift,ARRIVE
CARGO_242,1859-11-30 10:59:06,Steamdrift,DEPART
CARGO_242,1859-12-01 01:21:34,Cogburg,ARRIVE
CARGO_242,1859-12-01 12:15:03,Irondale,ARRIVE
CARGO_243,1859-12-01 12:15:03,Irondale,DEPART
CARGO_243,1859-12-01 15:49:24,Copperhold,ARRIVE
CARGO_244,1859-11-24 08:00:00,Copperhold,DEPART
CARGO_244,1859-11-24 14:34:39,Leverstorm,ARRIVE
CARGO_245,1859-11-24 14:34:39,Leverstorm,DEPART
CARGO_245,1859-11-24 20:35:17,Copperhold,ARRIVE
CARGO_246,1859-11-24 20:35:17,Copperhold,DEPART
CARGO_246,1859-11-25 07:51:42,Cogburg,ARRIVE
CARGO_247,1859-11-25 07:51:42,Cogburg,DEPART
CARGO_247,1859-11-25 18:25:41,Irondale,ARRIVE
CARGO_247,1859-11-26 01:10:33,Leverstorm,ARRIVE
CARGO_248,1859-11-26 01:10:33,Leverstorm,DEPART
CARGO_248,1859-11-26 08:58:05,Irondale,ARRIVE
CARGO_249,1859-11-26 08:58:05,Irondale,DEPART
CARGO_249,1859-11-26 12:50:50,Copperhold,ARRIVE
CARGO_250,1859-11-26 12:50:50,Copperhold,DEPART
CARGO_250,1859-11-26 16:35:37,Irondale,ARRIVE
CARGO_250,1859-11-27 05:35:23,Rustport,ARRIVE
CARGO_251,1859-11-27 05:35:23,Rustport,DEPART
CARGO_251,1859-11-27 17:53:42,Gizbourne,ARRIVE
CARGO_252,1859-11-27 17:53:42,Gizbourne,DEPART
CARGO_252,1859-11-27 23:21:04,Irondale,ARRIVE
CARGO_252,1859-11-28 09:43:39,Cogburg,ARRIVE
CARGO_252,1859-11-28 23:38:56,Steamdrift,ARRIVE
CARGO_253,1859-11-28 23:38:56,Steamdrift,DEPART
CARGO_253,1859-11-29 19:23:11,Rustport,ARRIVE
CARGO_254,1859-11-29 19:23:11,Rustport,DEPART
CARGO_254,1859-11-30 10:59:08,Cogburg,ARRIVE
CARGO_255,1859-11-30 10:59:08,Cogburg,DEPART
CARGO_255,1859-11-30 22:14:35,Copperhold,ARRIVE
CARGO_256,1859-11-24 08:00:00,Copperhold,DEPART
CARGO_256,1859-11-24 19:26:45,Cogburg,ARRIVE
CARGO_256,1859-11-25 08:12:52,Steamdrift,ARRIVE
CARGO_257,1859-11-25 08:12:52,Steamdrift,DEPART
CARGO_257,1859-11-26 02:53:41,Rustport,ARRIVE
CARGO_258,1859-11-26 02:53:41,Rustport,DEPART
CARGO_258,1859-11-26 16:49:21,Irondale,ARRIVE
CARGO_259,1859-11-26 16:49:21,Irondale,DEPART
CARGO_259,1859-11-27 00:23:15,Leverstorm,ARRIVE
CARGO_260,1859-11-27 00:23:15,Leverstorm,DEPART
CARGO_260,1859-11-27 06:24:39,Copperhold,ARRIVE
CARGO_261,1859-11-27 06:24:39,Copperhold,DEPART
CARGO_261,1859-11-27 09:56:39,Irondale,ARRIVE
CARGO_262,1859-11-27 09:56:39,Irondale,DEPART
CARGO_262,1859-11-27 20:34:00,Cogburg,ARRIVE
CARGO_263,1859-11-27 20:34:00,Cogburg,DEPART
CARGO_263,1859-11-28 07:33:02,Copperhold,ARRIVE
CARGO_264,1859-11-28 07:33:02,Copperhold,DEPART
CARGO_264,1859-11-28 11:14:03,Irondale,ARRIVE
CARGO_264,1859-11-29 01:20:43,Rustport,ARRIVE
CARGO_265,1859-11-29 01:20:43,Rustport,DEPART
CARGO_265,1859-11-29 14:35:29,Irondale,ARRIVE
CARGO_265,1859-11-29 21:27:25,Leverstorm,ARRIVE
CARGO_266,1859-11-29 21:27:25,Leverstorm,DEPART
CARGO_266,1859-11-30 04:36:11,Irondale,ARRIVE
CARGO_267,1859-11-30 04:36:11,Irondale,DEPART
CARGO_267,1859-11-30 08:01:56,Copperhold,ARRIVE
CARGO_268,1859-11-24 08:00:00,Copperhold,DEPART
CARGO_268,1859-11-24 11:45:10,Irondale,ARRIVE
CARGO_268,1859-11-24 16:49:45,Gizbourne,ARRIVE
CARGO_269,1859-11-24 16:49:45,Gizbourne,DEPART
CARGO_269,1859-11-25 04:51:14,Rustport,ARRIVE
CARGO_270,1859-11-25 04:51:14,Rustport,DEPART
CARGO_270,1859-11-25 17:29:53,Irondale,ARRIVE
CARGO_270,1859-11-25 21:11:24,Copperhold,ARRIVE
CARGO_271,1859-11-25 21:11:24,Copperhold,DEPART
CARGO_271,1859-11-26 00:54:54,Irondale,ARRIVE
CARGO_271,1859-11-26 06:07:21,Gizbourne,ARRIVE
CARGO_272,1859-11-26 06:07:21,Gizbourne,DEPART
CARGO_272,1859-11-26 11:31:32,Irondale,ARRIVE
CARGO_272,1859-11-26 22:04:27,Cogburg,ARRIVE
CARGO_273,1859-11-26 22:04:27,Cogburg,DEPART
CARGO_273,1859-11-27 08:42:21,Copperhold,ARRIVE
CARGO_273,1859-11-27 15:00:04,Leverstorm,ARRIVE
CARGO_274,1859-11-27 15:00:04,Leverstorm,DEPART
CARGO_274,1859-11-27 21:56:47,Irondale,ARRIVE
CARGO_275,1859-11-27 21:56:47,Irondale,DEPART
CARGO_275,1859-11-28 01:42:19,Copperhold,ARRIVE
CARGO_276,1859-11-28 01:42:19,Copperhold,DEPART
CARGO_276,1859-11-28 05:23:34,Irondale,ARRIVE
CARGO_277,1859-11-28 05:23:34,Irondale,DEPART
CARGO_277,1859-11-28 12:32:09,Leverstorm,ARRIVE
CARGO_278,1859-11-28 12:32:09,Leverstorm,DEPART
CARGO_278,1859-11-28 21:32:02,Gizbourne,ARRIVE
CARGO_279,1859-11-28 21:32:02,Gizbourne,DEPART
CARGO_279,1859-11-29 09:53:42,Rustport,ARRIVE
CARGO_280,1859-11-24 08:00:00,Rustport,DEPART
CARGO_280,1859-11-24 22:20:03,Irondale,ARRIVE
CARGO_280,1859-11-25 05:12:43,Leverstorm,ARRIVE
CARGO_281,1859-11-25 05:12:43,Leverstorm,DEPART
CARGO_281,1859-11-25 12:11:10,Irondale,ARRIVE
CARGO_282,1859-11-25 12:11:10,Irondale,DEPART
CARGO_282,1859-11-25 22:33:42,Cogburg,ARRIVE
CARGO_283,1859-11-25 22:33:42,Cogburg,DEPART
CARGO_283,1859-11-26 09:54:56,Irondale,ARRIVE
CARGO_283,1859-11-26 15:13:35,Gizbourne,ARRIVE
CARGO_284,1859-11-26 15:13:35,Gizbourne,DEPART
CARGO_284,1859-11-26 20:35:07,Irondale,ARRIVE
CARGO_284,1859-11-27 00:18:00,Copperhold,ARRIVE
CARGO_285,1859-11-27 00:18:00,Copperhold,DEPART
CARGO_285,1859-11-27 03:40:33,Irondale,ARRIVE
CARGO_286,1859-11-27 03:40:33,Irondale,DEPART
CARGO_286,1859-11-27 17:15:36,Rustport,ARRIVE
CARGO_287,1859-11-27 17:15:36,Rustport,DEPART
CARGO_287,1859-11-28 07:18:42,Irondale,ARRIVE
CARGO_287,1859-11-28 10:55:18,Copperhold,ARRIVE
CARGO_288,1859-11-28 10:55:18,Copperhold,DEPART
CARGO_288,1859-11-28 21:54:21,Cogburg,ARRIVE
CARGO_289,1859-11-28 21:54:21,Cogburg,DEPART
CARGO_289,1859-11-29 11:56:51,Steamdrift,ARRIVE
CARGO_290,1859-11-29 11:56:51,Steamdrift,DEPART
CARGO_290,1859-11-30 01:47:26,Cogburg,ARRIVE
CARGO_290,1859-11-30 12:40:50,Copperhold,ARRIVE
CARGO_291,1859-11-30 12:40:50,Copperhold,DEPART
CARGO_291,1859-12-01 00:03:01,Cogburg,ARRIVE
CARGO_291,1859-12-01 13:03:39,Steamdrift,ARRIVE
CARGO_292,1859-11-24 08:00:00,Steamdrift,DEPART
CARGO_292,1859-11-25 03:31:37,Rustport,ARRIVE
CARGO_293,1859-11-25 03:31:37,Rustport,DEPART
CARGO_293,1859-11-25 16:19:16,Irondale,ARRIVE
CARGO_294,1859-11-25 16:19:16,Irondale,DEPART
CARGO_294,1859-11-25 20:05:12,Copperhold,ARRIVE
CARGO_295,1859-11-25 20:05:12,Copperhold,DEPART
CARGO_295,1859-11-26 01:48:22,Leverstorm,ARRIVE
CARGO_296,1859-11-26 01:48:22,Leverstorm,DEPART
CARGO_296,1859-11-26 08:43:34,Irondale,ARRIVE
CARGO_296,1859-11-26 19:21:37,Cogburg,ARRIVE
CARGO_296,1859-11-27 09:04:03,Steamdrift,ARRIVE
CARGO_297,1859-11-27 09:04:03,Steamdrift,DEPART
CARGO_297,1859-11-27 22:55:52,Cogburg,ARRIVE
CARGO_297,1859-11-28 09:58:05,Copperhold,ARRIVE
CARGO_298,1859-11-28 09:58:05,Copperhold,DEPART
CARGO_298,1859-11-28 13:47:56,Irondale,ARRIVE
CARGO_319,1859-11-25 13:17:07,Leverstorm,DEPART
CARGO_319,1859-11-25 22:23:59,Gizbourne,ARRIVE
CARGO_320,1859-11-25 22:23:59,Gizbourne,DEPART
CARGO_320,1859-11-26 07:56:53,Leverstorm,ARRIVE
CARGO_321,1859-11-26 07:56:53,Leverstorm,DEPART
CARGO_321,1859-11-26 14:31:39,Copperhold,ARRIVE
CARGO_322,1859-11-26 14:31:39,Copperhold,DEPART
CARGO_322,1859-11-26 20:49:30,Leverstorm,ARRIVE
CARGO_323,1859-11-26 20:49:30,Leverstorm,DEPART
CARGO_323,1859-11-27 03:40:06,Irondale,ARRIVE
CARGO_324,1859-11-27 03:40:06,Irondale,DEPART
CARGO_324,1859-11-27 14:22:16,Cogburg,ARRIVE
CARGO_325,1859-11-27 14:22:16,Cogburg,DEPART
CARGO_325,1859-11-28 04:45:12,Rustport,ARRIVE
CARGO_326,1859-11-28 04:45:12,Rustport,DEPART
CARGO_326,1859-11-28 19:57:26,Cogburg,ARRIVE
CARGO_327,1859-11-28 19:57:26,Cogburg,DEPART
CARGO_327,1859-11-29 12:00:18,Rustport,ARRIVE
CARGO_328,1859-11-24 08:00:00,Rustport,DEPART
CARGO_328,1859-11-24 23:11:32,Cogburg,ARRIVE
CARGO_329,1859-11-24 23:11:32,Cogburg,DEPART
CARGO_329,1859-11-25 10:27:01,Copperhold,ARRIVE
CARGO_330,1859-11-25 10:27:01,Copperhold,DEPART
CARGO_330,1859-11-25 13:58:53,Irondale,ARRIVE
CARGO_330,1859-11-25 19:11:55,Gizbourne,ARRIVE
CARGO_331,1859-11-25 19:11:55,Gizbourne,DEPART
CARGO_331,1859-11-26 00:10:55,Irondale,ARRIVE
CARGO_332,1859-11-26 00:10:55,Irondale,DEPART
CARGO_332,1859-11-26 10:43:00,Cogburg,ARRIVE
CARGO_333,1859-11-26 10:43:00,Cogburg,DEPART
CARGO_333,1859-11-27 02:41:21,Rustport,ARRIVE
CARGO_334,1859-11-27 02:41:21,Rustport,DEPART
CARGO_334,1859-11-27 21:04:41,Steamdrift,ARRIVE
CARGO_335,1859-11-27 21:04:41,Steamdrift,DEPART
CARGO_335,1859-11-28 10:32:29,Cogburg,ARRIVE
CARGO_335,1859-11-28 21:06:42,Irondale,ARRIVE
CARGO_336,1859-11-28 21:06:42,Irondale,DEPART
CARGO_336,1859-11-29 10:54:11,Rustport,ARRIVE
CARGO_337,1859-11-29 10:54:11,Rustport,DEPART
CARGO_337,1859-11-30 00:04:28,Irondale,ARRIVE
CARGO_338,1859-11-30 00:04:28,Irondale,DEPART
CARGO_338,1859-11-30 07:18:57,Leverstorm,ARRIVE
CARGO_339,1859-11-30 07:18:57,Leverstorm,DEPART
CARGO_339,1859-11-30 14:16:56,Irondale,ARRIVE
CARGO_339,1859-12-01 00:28:07,Cogburg,ARRIVE
CARGO_339,1859-12-01 14:23:26,Steamdrift,ARRIVE
CARGO_340,1859-11-24 08:00:00,Steamdrift,DEPART
CARGO_340,1859-11-24 21:57:14,Cogburg,ARRIVE
CARGO_340,1859-11-25 09:37:44,Copperhold,ARRIVE
CARGO_341,1859-11-25 09:37:44,Copperhold,DEPART
CARGO_341,1859-11-25 13:09:41,Irondale,ARRIVE
CARGO_341,1859-11-26 02:43:02,Rustport,ARRIVE
CARGO_342,1859-11-26 02:43:02,Rustport,DEPART
CARGO_342,1859-11-26 15:13:48,Irondale,ARRIVE
CARGO_342,1859-11-26 21:58:09,Leverstorm,ARRIVE
CARGO_343,1859-11-26 21:58:09,Leverstorm,DEPART
CARGO_343,1859-11-27 04:19:50,Irondale,ARRIVE
CARGO_343,1859-11-27 17:33:26,Rustport,ARRIVE
CARGO_344,1859-11-27 17:33:26,Rustport,DEPART
CARGO_344,1859-11-28 06:35:24,Gizbourne,ARRIVE
CARGO_345,1859-11-28 06:35:24,Gizbourne,DEPART
CARGO_345,1859-11-28 11:54:23,Irondale,ARRIVE
CARGO_346,1859-11-28 11:54:23,Irondale,DEPART
CARGO_346,1859-11-28 15:43:21,Copperhold,ARRIVE
CARGO_347,1859-11-28 15:43:21,Copperhold,DEPART
CARGO_347,1859-11-29 04:19:54,Cogburg,ARRIVE
CARGO_348,1859-11-29 04:19:54,Cogburg,DEPART
CARGO_348,1859-11-29 18:03:49,Steamdrift,ARRIVE
CARGO_349,1859-11-29 18:03:49,Steamdrift,DEPART
CARGO_349,1859-11-30 07:46:07,Cogburg,ARRIVE
CARGO_349,1859-11-30 19:45:34,Copperhold,ARRIVE
CARGO_350,1859-11-30 19:45:34,Copperhold,DEPART
CARGO_350,1859-11-30 23:29:20,Irondale,ARRIVE
CARGO_351,1859-11-30 23:29:20,Irondale,DEPART
CARGO_351,1859-12-01 03:17:06,Copperhold,ARRIVE
CARGO_352,1859-11-24 08:00:00,Copperhold,DEPART
CARGO_352,1859-11-24 18:37:20,Cogburg,ARRIVE
CARGO_353,1859-11-24 18:37:20,Cogburg,DEPART
CARGO_353,1859-11-25 05:40:39,Copperhold,ARRIVE
CARGO_354,1859-11-25 05:40:39,Copperhold,DEPART
CARGO_354,1859-11-25 16:43:14,Cogburg,ARRIVE
CARGO_354,1859-11-26 07:27:06,Steamdrift,ARRIVE
CARGO_355,1859-11-26 07:27:06,Steamdrift,DEPART
CARGO_355,1859-11-26 21:46:27,Cogburg,ARRIVE
CARGO_355,1859-11-27 08:19:09,Copperhold,ARRIVE
CARGO_355,1859-11-27 14:38:56,Leverstorm,ARRIVE
CARGO_356,1859-11-27 14:38:56,Leverstorm,DEPART
CARGO_356,1859-11-27 21:55:16,Irondale,ARRIVE
CARGO_357,1859-11-27 21:55:16,Irondale,DEPART
CARGO_357,1859-11-28 08:26:23,Cogburg,ARRIVE
CARGO_358,1859-11-28 08:26:23,Cogburg,DEPART
CARGO_358,1859-11-28 18:52:42,Irondale,ARRIVE
CARGO_358,1859-11-28 23:52:49,Gizbourne,ARRIVE
CARGO_359,1859-11-28 23:52:49,Gizbourne,DEPART
CARGO_359,1859-11-29 09:00:11,Leverstorm,ARRIVE
CARGO_360,1859-11-29 09:00:11,Leverstorm,DEPART
CARGO_360,1859-11-29 14:57:41,Copperhold,ARRIVE
CARGO_361,1859-11-29 14:57:41,Copperhold,DEPART
CARGO_361,1859-11-29 18:31:13,Irondale,ARRIVE
CARGO_361,1859-11-29 23:43:59,Gizbourne,ARRIVE
CARGO_362,1859-11-29 23:43:59,Gizbourne,DEPART
CARGO_362,1859-11-30 05:01:49,Irondale,ARRIVE
CARGO_362,1859-11-30 16:02:24,Cogburg,ARRIVE
CARGO_362,1859-12-01 06:24:14,Steamdrift,ARRIVE
CARGO_363,1859-12-01 06:24:14,Steamdrift,DEPART
CARGO_363,1859-12-01 20:19:53,Cogburg,ARRIVE
CARGO_363,1859-12-02 08:10:02,Irondale,ARRIVE
CARGO_364,1859-11-24 08:00:00,Irondale,DEPART
CARGO_364,1859-11-24 14:30:30,Leverstorm,ARRIVE
CARGO_365,1859-11-24 14:30:30,Leverstorm,DEPART
CARGO_365,1859-11-24 20:20:35,Copperhold,ARRIVE
CARGO_366,1859-11-24 20:20:35,Copperhold,DEPART
CARGO_366,1859-11-25 00:25:00,Irondale,ARRIVE
CARGO_367,1859-11-25 00:25:00,Irondale,DEPART
CARGO_367,1859-11-25 11:20:46,Cogburg,ARRIVE
CARGO_368,1859-11-25 11:20:46,Cogburg,DEPART
CARGO_368,1859-11-25 22:44:10,Irondale,ARRIVE
CARGO_368,1859-11-26 04:17:35,Gizbourne,ARRIVE
CARGO_369,1859-11-26 04:17:35,Gizbourne,DEPART
CARGO_369,1859-11-26 09:33:42,Irondale,ARRIVE
CARGO_369,1859-11-26 20:44:40,Cogburg,ARRIVE
CARGO_369,1859-11-27 11:57:54,Steamdrift,ARRIVE
CARGO_370,1859-11-27 11:57:54,Steamdrift,DEPART
CARGO_370,1859-11-28 02:02:00,Cogburg,ARRIVE
CARGO_370,1859-11-28 12:42:16,Irondale,ARRIVE
CARGO_370,1859-11-28 17:46:03,Gizbourne,ARRIVE
CARGO_371,1859-11-28 17:46:03,Gizbourne,DEPART
CARGO_371,1859-11-29 05:13:00,Rustport,ARRIVE
CARGO_371,1859-11-29 22:58:16,Steamdrift,ARRIVE
CARGO_372,1859-11-29 22:58:16,Steamdrift,DEPART
CARGO_372,1859-11-30 13:17:51,Cogburg,ARRIVE
CARGO_372,1859-11-30 23:54:27,Irondale,ARRIVE
CARGO_372,1859-12-01 04:58:12,Gizbourne,ARRIVE
CARGO_373,1859-12-01 04:58:12,Gizbourne,DEPART
CARGO_373,1859-12-01 17:38:25,Rustport,ARRIVE
CARGO_374,1859-12-01 17:38:25,Rustport,DEPART
CARGO_374,1859-12-02 06:13:25,Irondale,ARRIVE
CARGO_374,1859-12-02 13:24:19,Leverstorm,ARRIVE
CARGO_375,1859-12-02 13:24:19,Leverstorm,DEPART
CARGO_375,1859-12-02 19:38:37,Irondale,ARRIVE
CARGO_375,1859-12-03 06:46:53,Cogburg,ARRIVE
CARGO_376,1859-11-24 08:00:00,Cogburg,DEPART
CARGO_376,1859-11-24 18:20:46,Irondale,ARRIVE
CARGO_376,1859-11-24 23:44:06,Gizbourne,ARRIVE
CARGO_377,1859-11-24 23:44:06,Gizbourne,DEPART
CARGO_377,1859-11-25 04:56:54,Irondale,ARRIVE
CARGO_378,1859-11-25 04:56:54,Irondale,DEPART
CARGO_378,1859-11-25 15:32:48,Cogburg,ARRIVE
CARGO_379,1859-11-25 15:32:48,Cogburg,DEPART
CARGO_379,1859-11-26 02:04:17,Irondale,ARRIVE
CARGO_379,1859-11-26 08:53:39,Leverstorm,ARRIVE
CARGO_380,1859-11-26 08:53:39,Leverstorm,DEPART
CARGO_380,1859-11-26 15:13:33,Copperhold,ARRIVE
CARGO_380,1859-11-27 02:29:24,Cogburg,ARRIVE
CARGO_381,1859-11-27 02:29:24,Cogburg,DEPART
CARGO_381,1859-11-27 17:07:47,Rustport,ARRIVE
CARGO_382,1859-11-27 17:07:47,Rustport,DEPART
CARGO_382,1859-11-28 07:55:44,Cogburg,ARRIVE
CARGO_383,1859-11-28 07:55:44,Cogburg,DEPART
CARGO_383,1859-11-28 22:08:55,Steamdrift,ARRIVE
CARGO_384,1859-11-28 22:08:55,Steamdrift,DEPART
CARGO_384,1859-11-29 11:45:10,Cogburg,ARRIVE
CARGO_384,1859-11-29 22:50:13,Copperhold,ARRIVE
CARGO_384,1859-11-30 04:41:25,Leverstorm,ARRIVE
CARGO_385,1859-11-30 04:41:25,Leverstorm,DEPART
CARGO_385,1859-11-30 13:22:31,Gizbourne,ARRIVE
CARGO_386,1859-11-30 13:22:31,Gizbourne,DEPART
CARGO_386,1859-12-01 01:48:09,Rustport,ARRIVE
CARGO_387,1859-12-01 01:48:09,Rustport,DEPART
CARGO_387,1859-12-01 22:50:54,Steamdrift,ARRIVE
CARGO_388,1859-11-24 08:00:00,Steamdrift,DEPART
CARGO_388,1859-11-24 22:22:31,Cogburg,ARRIVE
CARGO_388,1859-11-25 08:20:20,Irondale,ARRIVE
CARGO_389,1859-11-25 08:20:20,Irondale,DEPART
CARGO_389,1859-11-25 13:23:03,Gizbourne,ARRIVE
CARGO_390,1859-11-25 13:23:03,Gizbourne,DEPART
CARGO_390,1859-11-25 18:28:36,Irondale,ARRIVE
CARGO_391,1859-11-25 18:28:36,Irondale,DEPART
CARGO_391,1859-11-26 08:51:11,Rustport,ARRIVE
CARGO_392,1859-11-26 08:51:11,Rustport,DEPART
CARGO_392,1859-11-26 21:01:32,Gizbourne,ARRIVE
CARGO_393,1859-11-26 21:01:32,Gizbourne,DEPART
CARGO_393,1859-11-27 02:15:16,Irondale,ARRIVE
CARGO_393,1859-11-27 13:00:56,Cogburg,ARRIVE
CARGO_393,1859-11-28 01:28:40,Steamdrift,ARRIVE
CARGO_394,1859-11-28 01:28:40,Steamdrift,DEPART
CARGO_394,1859-11-28 21:43:08,Rustport,ARRIVE
CARGO_395,1859-11-28 21:43:08,Rustport,DEPART
CARGO_395,1859-11-29 10:12:52,Irondale,ARRIVE
CARGO_395,1859-11-29 13:43:06,Copperhold,ARRIVE
CARGO_396,1859-11-29 13:43:06,Copperhold,DEPART
CARGO_396,1859-11-29 17:34:36,Irondale,ARRIVE
CARGO_396,1859-11-30 06:35:32,Rustport,ARRIVE
CARGO_397,1859-11-30 06:35:32,Rustport,DEPART
CARGO_397,1859-11-30 20:32:25,Irondale,ARRIVE
CARGO_398,1859-11-30 20:32:25,Irondale,DEPART
CARGO_398,1859-12-01 00:22:53,Copperhold,ARRIVE
CARGO_419,1859-11-27 22:07:51,Cogburg,DEPART
CARGO_419,1859-11-28 08:55:50,Irondale,ARRIVE
CARGO_419,1859-11-28 16:08:04,Leverstorm,ARRIVE
CARGO_420,1859-11-28 16:08:04,Leverstorm,DEPART
CARGO_420,1859-11-28 22:02:28,Copperhold,ARRIVE
CARGO_420,1859-11-29 09:32:34,Cogburg,ARRIVE
CARGO_421,1859-11-29 09:32:34,Cogburg,DEPART
CARGO_421,1859-11-29 19:37:50,Irondale,ARRIVE
CARGO_422,1859-11-29 19:37:50,Irondale,DEPART
CARGO_422,1859-11-29 23:27:32,Copperhold,ARRIVE
CARGO_423,1859-11-29 23:27:32,Copperhold,DEPART
CARGO_423,1859-11-30 03:25:01,Irondale,ARRIVE
CARGO_423,1859-11-30 08:23:52,Gizbourne,ARRIVE
CARGO_424,1859-11-24 08:00:00,Gizbourne,DEPART
CARGO_424,1859-11-24 19:46:51,Rustport,ARRIVE
CARGO_425,1859-11-24 19:46:51,Rustport,DEPART
CARGO_425,1859-11-25 09:08:16,Irondale,ARRIVE
CARGO_425,1859-11-25 12:26:28,Copperhold,ARRIVE
CARGO_426,1859-11-25 12:26:28,Copperhold,DEPART
CARGO_426,1859-11-25 23:25:24,Cogburg,ARRIVE
CARGO_426,1859-11-26 13:50:58,Steamdrift,ARRIVE
CARGO_427,1859-11-26 13:50:58,Steamdrift,DEPART
CARGO_427,1859-11-27 08:57:06,Rustport,ARRIVE
CARGO_428,1859-11-27 08:57:06,Rustport,DEPART
CARGO_428,1859-11-27 22:01:05,Irondale,ARRIVE
CARGO_429,1859-11-27 22:01:05,Irondale,DEPART
CARGO_429,1859-11-28 05:05:29,Leverstorm,ARRIVE
CARGO_430,1859-11-28 05:05:29,Leverstorm,DEPART
CARGO_430,1859-11-28 12:21:20,Irondale,ARRIVE
CARGO_430,1859-11-28 22:43:45,Cogburg,ARRIVE
CARGO_430,1859-11-29 12:51:11,Steamdrift,ARRIVE
CARGO_431,1859-11-29 12:51:11,Steamdrift,DEPART
CARGO_431,1859-11-30 03:21:59,Cogburg,ARRIVE
CARGO_432,1859-11-30 03:21:59,Cogburg,DEPART
CARGO_432,1859-11-30 16:58:03,Steamdrift,ARRIVE
CARGO_433,1859-11-30 16:58:03,Steamdrift,DEPART
CARGO_433,1859-12-01 06:45:17,Cogburg,ARRIVE
CARGO_433,1859-12-01 16:48:10,Irondale,ARRIVE
CARGO_434,1859-12-01 16:48:10,Irondale,DEPART
CARGO_434,1859-12-02 06:56:02,Rustport,ARRIVE
CARGO_435,1859-12-02 06:56:02,Rustport,DEPART
CARGO_435,1859-12-02 18:07:50,Gizbourne,ARRIVE
CARGO_436,1859-11-24 08:00:00,Gizbourne,DEPART
CARGO_436,1859-11-24 13:07:02,Irondale,ARRIVE
CARGO_436,1859-11-24 16:48:08,Copperhold,ARRIVE
CARGO_437,1859-11-24 16:48:08,Copperhold,DEPART
CARGO_437,1859-11-25 04:15:10,Cogburg,ARRIVE
CARGO_437,1859-11-25 18:28:18,Steamdrift,ARRIVE
CARGO_438,1859-11-25 18:28:18,Steamdrift,DEPART
CARGO_438,1859-11-26 08:32:31,Cogburg,ARRIVE
CARGO_438,1859-11-26 20:23:43,Copperhold,ARRIVE
CARGO_439,1859-11-26 20:23:43,Copperhold,DEPART
CARGO_439,1859-11-26 23:51:51,Irondale,ARRIVE
CARGO_440,1859-11-26 23:51:51,Irondale,DEPART
CARGO_440,1859-11-27 13:57:25,Rustport,ARRIVE
CARGO_441,1859-11-27 13:57:25,Rustport,DEPART
CARGO_441,1859-11-28 05:35:32,Cogburg,ARRIVE
CARGO_442,1859-11-28 05:35:32,Cogburg,DEPART
CARGO_442,1859-11-28 21:43:45,Rustport,ARRIVE
CARGO_443,1859-11-28 21:43:45,Rustport,DEPART
CARGO_443,1859-11-29 11:48:39,Irondale,ARRIVE
CARGO_444,1859-11-29 11:48:39,Irondale,DEPART
CARGO_444,1859-11-29 22:07:15,Cogburg,ARRIVE
CARGO_445,1859-11-29 22:07:15,Cogburg,DEPART
CARGO_445,1859-11-30 10:49:30,Steamdrift,ARRIVE
CARGO_446,1859-11-30 10:49:30,Steamdrift,DEPART
CARGO_446,1859-12-01 01:29:55,Cogburg,ARRIVE
CARGO_446,1859-12-01 13:03:52,Copperhold,ARRIVE
CARGO_447,1859-12-01 13:03:52,Copperhold,DEPART
CARGO_447,1859-12-02 00:35:02,Cogburg,ARRIVE
CARGO_448,1859-11-24 08:00:00,Cogburg,DEPART
CARGO_448,1859-11-24 19:45:24,Copperhold,ARRIVE
CARGO_449,1859-11-24 19:45:24,Copperhold,DEPART
CARGO_449,1859-11-25 06:19:23,Cogburg,ARRIVE
CARGO_449,1859-11-25 21:25:24,Steamdrift,ARRIVE
CARGO_450,1859-11-25 21:25:24,Steamdrift,DEPART
CARGO_450,1859-11-26 11:49:04,Cogburg,ARRIVE
CARGO_450,1859-11-26 22:09:01,Irondale,ARRIVE
CARGO_450,1859-11-27 04:45:21,Leverstorm,ARRIVE
CARGO_451,1859-11-27 04:45:21,Leverstorm,DEPART
CARGO_451,1859-11-27 11:39:15,Irondale,ARRIVE
CARGO_452,1859-11-27 11:39:15,Irondale,DEPART
CARGO_452,1859-11-27 22:46:18,Cogburg,ARRIVE
CARGO_453,1859-11-27 22:46:18,Cogburg,DEPART
CARGO_453,1859-11-28 10:26:49,Copperhold,ARRIVE
CARGO_454,1859-11-28 10:26:49,Copperhold,DEPART
CARGO_454,1859-11-28 14:08:41,Irondale,ARRIVE
CARGO_455,1859-11-28 14:08:41,Irondale,DEPART
CARGO_455,1859-11-28 17:51:32,Copperhold,ARRIVE
CARGO_456,1859-11-28 17:51:32,Copperhold,DEPART
CARGO_456,1859-11-28 23:56:25,Leverstorm,ARRIVE
CARGO_457,1859-11-28 23:56:25,Leverstorm,DEPART
CARGO_457,1859-11-29 06:02:21,Copperhold,ARRIVE
CARGO_458,1859-11-29 06:02:21,Copperhold,DEPART
CARGO_458,1859-11-29 09:36:12,Irondale,ARRIVE
CARGO_459,1859-11-29 09:36:12,Irondale,DEPART
CARGO_459,1859-11-29 19:34:30,Cogburg,ARRIVE
CARGO_460,1859-11-24 08:00:00,Cogburg,DEPART
CARGO_460,1859-11-24 21:52:55,Steamdrift,ARRIVE
CARGO_461,1859-11-24 21:52:55,Steamdrift,DEPART
CARGO_461,1859-11-25 13:07:45,Cogburg,ARRIVE
CARGO_462,1859-11-25 13:07:45,Cogburg,DEPART
CARGO_462,1859-11-26 04:13:00,Rustport,ARRIVE
CARGO_463,1859-11-26 04:13:00,Rustport,DEPART
CARGO_463,1859-11-26 19:39:44,Cogburg,ARRIVE
CARGO_464,1859-11-26 19:39:44,Cogburg,DEPART
CARGO_464,1859-11-27 10:11:11,Rustport,ARRIVE
CARGO_465,1859-11-27 10:11:11,Rustport,DEPART
CARGO_465,1859-11-28 00:11:05,Irondale,ARRIVE
CARGO_465,1859-11-28 07:10:09,Leverstorm,ARRIVE
CARGO_466,1859-11-28 07:10:09,Leverstorm,DEPART
CARGO_466,1859-11-28 14:29:00,Irondale,ARRIVE
CARGO_466,1859-11-29 00:45:27,Cogburg,ARRIVE
CARGO_467,1859-11-29 00:45:27,Cogburg,DEPART
CARGO_467,1859-11-29 16:18:33,Rustport,ARRIVE
CARGO_468,1859-11-29 16:18:33,Rustport,DEPART
CARGO_468,1859-11-30 05:59:09,Irondale,ARRIVE
CARGO_468,1859-11-30 09:23:16,Copperhold,ARRIVE
CARGO_469,1859-11-30 09:23:16,Copperhold,DEPART
CARGO_469,1859-11-30 20:30:20,Cogburg,ARRIVE
CARGO_470,1859-11-30 20:30:20,Cogburg,DEPART
CARGO_470,1859-12-01 07:11:49,Irondale,ARRIVE
CARGO_471,1859-12-01 07:11:49,Irondale,DEPART
CARGO_471,1859-12-01 17:52:27,Cogburg,ARRIVE
CARGO_472,1859-11-24 08:00:00,Cogburg,DEPART
CARGO_472,1859-11-24 18:25:35,Irondale,ARRIVE
CARGO_473,1859-11-24 18:25:35,Irondale,DEPART
CARGO_473,1859-11-24 23:53:35,Gizbourne,ARRIVE
CARGO_474,1859-11-24 23:53:35,Gizbourne,DEPART
CARGO_474,1859-11-25 12:09:33,Rustport,ARRIVE
CARGO_475,1859-11-25 12:09:33,Rustport,DEPART
CARGO_475,1859-11-26 00:21:54,Gizbourne,ARRIVE
CARGO_476,1859-11-26 00:21:54,Gizbourne,DEPART
CARGO_476,1859-11-26 05:39:14,Irondale,ARRIVE
CARGO_476,1859-11-26 16:23:31,Cogburg,ARRIVE
CARGO_477,1859-11-26 16:23:31,Cogburg,DEPART
CARGO_477,1859-11-27 03:05:44,Copperhold,ARRIVE
CARGO_478,1859-11-27 03:05:44,Copperhold,DEPART
CARGO_478,1859-11-27 06:44:58,Irondale,ARRIVE
CARGO_479,1859-11-27 06:44:58,Irondale,DEPART
CARGO_479,1859-11-27 10:18:27,Copperhold,ARRIVE
CARGO_480,1859-11-27 10:18:27,Copperhold,DEPART
CARGO_480,1859-11-27 14:01:29,Irondale,ARRIVE
CARGO_481,1859-11-27 14:01:29,Irondale,DEPART
CARGO_481,1859-11-28 00:45:36,Cogburg,ARRIVE
CARGO_481,1859-11-28 14:22:54,Steamdrift,ARRIVE
CARGO_482,1859-11-28 14:22:54,Steamdrift,DEPART
CARGO_482,1859-11-29 04:02:53,Cogburg,ARRIVE
CARGO_482,1859-11-29 14:32:30,Irondale,ARRIVE
CARGO_483,1859-11-29 14:32:30,Irondale,DEPART
CARGO_483,1859-11-30 00:40:24,Cogburg,ARRIVE
CARGO_483,1859-11-30 14:55:43,Steamdrift,ARRIVE
CARGO_484,1859-11-24 08:00:00,Steamdrift,DEPART
CARGO_484,1859-11-25 02:49:15,Rustport,ARRIVE
CARGO_485,1859-11-25 02:49:15,Rustport,DEPART
CARGO_485,1859-11-25 15:11:54,Irondale,ARRIVE
CARGO_485,1859-11-25 21:54:33,Leverstorm,ARRIVE
CARGO_486,1859-11-25 21:54:33,Leverstorm,DEPART
CARGO_486,1859-11-26 03:51:50,Copperhold,ARRIVE
CARGO_486,1859-11-26 14:29:10,Cogburg,ARRIVE
CARGO_486,1859-11-27 05:58:46,Steamdrift,ARRIVE
CARGO_487,1859-11-27 05:58:46,Steamdrift,DEPART
CARGO_487,1859-11-27 18:37:09,Cogburg,ARRIVE
CARGO_488,1859-11-27 18:37:09,Cogburg,DEPART
CARGO_488,1859-11-28 04:34:17,Irondale,ARRIVE
CARGO_489,1859-11-28 04:34:17,Irondale,DEPART
CARGO_489,1859-11-28 11:40:33,Leverstorm,ARRIVE
CARGO_490,1859-11-28 11:40:33,Leverstorm,DEPART
CARGO_490,1859-11-28 18:22:48,Irondale,ARRIVE
CARGO_491,1859-11-28 18:22:48,Irondale,DEPART
CARGO_491,1859-11-28 23:28:56,Gizbourne,ARRIVE
CARGO_492,1859-11-28 23:28:56,Gizbourne,DEPART
CARGO_492,1859-11-29 12:12:56,Rustport,ARRIVE
CARGO_493,1859-11-29 12:12:56,Rustport,DEPART
CARGO_493,1859-11-30 00:25:16,Gizbourne,ARRIVE
CARGO_494,1859-11-30 00:25:16,Gizbourne,DEPART
CARGO_494,1859-11-30 09:11:40,Leverstorm,ARRIVE
CARGO_495,1859-11-30 09:11:40,Leverstorm,DEPART
CARGO_495,1859-11-30 15:50:01,Irondale,ARRIVE
CARGO_496,1859-11-24 08:00:00,Irondale,DEPART
CARGO_496,1859-11-24 13:21:10,Gizbourne,ARRIVE
CARGO_497,1859-11-24 13:21:10,Gizbourne,DEPART
CARGO_497,1859-11-25 01:44:26,Rustport,ARRIVE
CARGO_498,1859-11-25 01:44:26,Rustport,DEPART
CARGO_498,1859-11-25 15:34:05,Irondale,ARRIVE
CARGO_498,1859-11-25 22:37:36,Leverstorm,ARRIVE
CARGO_519,1859-12-01 02:23:03,Rustport,DEPART
CARGO_519,1859-12-01 14:20:08,Gizbourne,ARRIVE
CARGO_520,1859-11-24 08:00:00,Gizbourne,DEPART
CARGO_520,1859-11-24 13:09:25,Irondale,ARRIVE
CARGO_520,1859-11-24 16:38:12,Copperhold,ARRIVE
CARGO_521,1859-11-24 16:38:12,Copperhold,DEPART
CARGO_521,1859-11-24 20:20:41,Irondale,ARRIVE
CARGO_522,1859-11-24 20:20:41,Irondale,DEPART
CARGO_522,1859-11-25 07:31:51,Cogburg,ARRIVE
CARGO_522,1859-11-25 22:12:41,Steamdrift,ARRIVE
CARGO_523,1859-11-25 22:12:41,Steamdrift,DEPART
CARGO_523,1859-11-26 12:08:13,Cogburg,ARRIVE
CARGO_524,1859-11-26 12:08:13,Cogburg,DEPART
CARGO_524,1859-11-26 23:35:48,Copperhold,ARRIVE
CARGO_525,1859-11-26 23:35:48,Copperhold,DEPART
CARGO_525,1859-11-27 03:34:45,Irondale,ARRIVE
CARGO_525,1859-11-27 09:08:28,Gizbourne,ARRIVE
CARGO_526,1859-11-27 09:08:28,Gizbourne,DEPART
CARGO_526,1859-11-27 14:12:58,Irondale,ARRIVE
CARGO_526,1859-11-28 00:06:45,Cogburg,ARRIVE
CARGO_526,1859-11-28 14:28:56,Steamdrift,ARRIVE
CARGO_527,1859-11-28 14:28:56,Steamdrift,DEPART
CARGO_527,1859-11-29 10:13:20,Rustport,ARRIVE
CARGO_528,1859-11-29 10:13:20,Rustport,DEPART
CARGO_528,1859-11-30 06:31:17,Steamdrift,ARRIVE
CARGO_529,1859-11-30 06:31:17,Steamdrift,DEPART
CARGO_529,1859-12-01 02:15:01,Rustport,ARRIVE
CARGO_530,1859-12-01 02:15:01,Rustport,DEPART
CARGO_530,1859-12-01 14:48:40,Irondale,ARRIVE
CARGO_530,1859-12-01 18:21:59,Copperhold,ARRIVE
CARGO_531,1859-12-01 18:21:59,Copperhold,DEPART
CARGO_531,1859-12-01 22:00:02,Irondale,ARRIVE
CARGO_532,1859-11-24 08:00:00,Irondale,DEPART
CARGO_532,1859-11-24 20:56:36,Rustport,ARRIVE
CARGO_533,1859-11-24 20:56:36,Rustport,DEPART
CARGO_533,1859-11-25 10:17:22,Irondale,ARRIVE
CARGO_533,1859-11-25 13:44:52,Copperhold,ARRIVE
CARGO_534,1859-11-25 13:44:52,Copperhold,DEPART
CARGO_534,1859-11-25 17:31:56,Irondale,ARRIVE
CARGO_534,1859-11-26 07:07:22,Rustport,ARRIVE
CARGO_535,1859-11-26 07:07:22,Rustport,DEPART
CARGO_535,1859-11-26 20:13:31,Irondale,ARRIVE
CARGO_535,1859-11-27 03:08:26,Leverstorm,ARRIVE
CARGO_536,1859-11-27 03:08:26,Leverstorm,DEPART
CARGO_536,1859-11-27 09:21:17,Copperhold,ARRIVE
CARGO_537,1859-11-27 09:21:17,Copperhold,DEPART
CARGO_537,1859-11-27 20:16:54,Cogburg,ARRIVE
CARGO_537,1859-11-28 10:28:18,Steamdrift,ARRIVE
CARGO_538,1859-11-28 10:28:18,Steamdrift,DEPART
CARGO_538,1859-11-28 23:42:29,Cogburg,ARRIVE
CARGO_538,1859-11-29 09:57:05,Irondale,ARRIVE
CARGO_539,1859-11-29 09:57:05,Irondale,DEPART
CARGO_539,1859-11-29 16:21:19,Leverstorm,ARRIVE
CARGO_540,1859-11-29 16:21:19,Leverstorm,DEPART
CARGO_540,1859-11-29 22:00:41,Copperhold,ARRIVE
CARGO_541,1859-11-29 22:00:41,Copperhold,DEPART
CARGO_541,1859-11-30 01:41:37,Irondale,ARRIVE
CARGO_542,1859-11-30 01:41:37,Irondale,DEPART
CARGO_542,1859-11-30 08:41:21,Leverstorm,ARRIVE
CARGO_543,1859-11-30 08:41:21,Leverstorm,DEPART
CARGO_543,1859-11-30 15:47:06,Irondale,ARRIVE
CARGO_543,1859-12-01 05:18:26,Rustport,ARRIVE
CARGO_544,1859-11-24 08:00:00,Rustport,DEPART
CARGO_544,1859-11-24 19:58:10,Gizbourne,ARRIVE
CARGO_545,1859-11-24 19:58:10,Gizbourne,DEPART
CARGO_545,1859-11-25 01:18:53,Irondale,ARRIVE
CARGO_545,1859-11-25 05:03:39,Copperhold,ARRIVE
CARGO_546,1859-11-25 05:03:39,Copperhold,DEPART
CARGO_546,1859-11-25 11:16:04,Leverstorm,ARRIVE
CARGO_547,1859-11-25 11:16:04,Leverstorm,DEPART
CARGO_547,1859-11-25 18:07:28,Irondale,ARRIVE
CARGO_548,1859-11-25 18:07:28,Irondale,DEPART
CARGO_548,1859-11-25 23:26:49,Gizbourne,ARRIVE
CARGO_549,1859-11-25 23:26:49,Gizbourne,DEPART
CARGO_549,1859-11-26 08:35:42,Leverstorm,ARRIVE
CARGO_550,1859-11-26 08:35:42,Leverstorm,DEPART
CARGO_550,1859-11-26 14:54:57,Copperhold,ARRIVE
CARGO_551,1859-11-26 14:54:57,Copperhold,DEPART
CARGO_551,1859-11-26 18:29:01,Irondale,ARRIVE
CARGO_551,1859-11-26 23:39:50,Gizbourne,ARRIVE
CARGO_552,1859-11-26 23:39:50,Gizbourne,DEPART
CARGO_552,1859-11-27 05:13:06,Irondale,ARRIVE
CARGO_552,1859-11-27 15:49:25,Cogburg,ARRIVE
CARGO_552,1859-11-28 06:18:21,Steamdrift,ARRIVE
CARGO_553,1859-11-28 06:18:21,Steamdrift,DEPART
CARGO_553,1859-11-28 20:21:55,Cogburg,ARRIVE
CARGO_553,1859-11-29 06:44:19,Irondale,ARRIVE
CARGO_554,1859-11-29 06:44:19,Irondale,DEPART
CARGO_554,1859-11-29 19:41:53,Rustport,ARRIVE
CARGO_555,1859-11-29 19:41:53,Rustport,DEPART
CARGO_555,1859-11-30 09:13:24,Irondale,ARRIVE
CARGO_555,1859-11-30 16:05:35,Leverstorm,ARRIVE
CARGO_556,1859-11-24 08:00:00,Leverstorm,DEPART
CARGO_556,1859-11-24 13:44:18,Copperhold,ARRIVE
CARGO_556,1859-11-25 00:44:09,Cogburg,ARRIVE
CARGO_556,1859-11-25 14:04:47,Steamdrift,ARRIVE
CARGO_557,1859-11-25 14:04:47,Steamdrift,DEPART
CARGO_557,1859-11-26 04:28:50,Cogburg,ARRIVE
CARGO_558,1859-11-26 04:28:50,Cogburg,DEPART
CARGO_558,1859-11-26 16:01:48,Copperhold,ARRIVE
CARGO_558,1859-11-26 21:40:16,Leverstorm,ARRIVE
CARGO_559,1859-11-26 21:40:16,Leverstorm,DEPART
CARGO_559,1859-11-27 04:08:42,Copperhold,ARRIVE
CARGO_560,1859-11-27 04:08:42,Copperhold,DEPART
CARGO_560,1859-11-27 10:18:12,Leverstorm,ARRIVE
CARGO_561,1859-11-27 10:18:12,Leverstorm,DEPART
CARGO_561,1859-11-27 16:56:04,Copperhold,ARRIVE
CARGO_561,1859-11-28 03:33:24,Cogburg,ARRIVE
CARGO_561,1859-11-28 18:26:42,Steamdrift,ARRIVE
CARGO_562,1859-11-28 18:26:42,Steamdrift,DEPART
CARGO_562,1859-11-29 08:06:53,Cogburg,ARRIVE
CARGO_562,1859-11-29 19:06:37,Copperhold,ARRIVE
CARGO_563,1859-11-29 19:06:37,Copperhold,DEPART
CARGO_563,1859-11-30 00:56:23,Leverstorm,ARRIVE
CARGO_564,1859-11-30 00:56:23,Leverstorm,DEPART
CARGO_564,1859-11-30 06:29:16,Copperhold,ARRIVE
CARGO_565,1859-11-30 06:29:16,Copperhold,DEPART
CARGO_565,1859-11-30 10:17:47,Irondale,ARRIVE
CARGO_566,1859-11-30 10:17:47,Irondale,DEPART
CARGO_566,1859-11-30 13:47:43,Copperhold,ARRIVE
CARGO_567,1859-11-30 13:47:43,Copperhold,DEPART
CARGO_567,1859-11-30 17:30:43,Irondale,ARRIVE
CARGO_567,1859-11-30 22:40:38,Gizbourne,ARRIVE
CARGO_568,1859-11-24 08:00:00,Gizbourne,DEPART
CARGO_568,1859-11-24 13:01:23,Irondale,ARRIVE
CARGO_569,1859-11-24 13:01:23,Irondale,DEPART
CARGO_569,1859-11-25 00:11:34,Cogburg,ARRIVE
CARGO_570,1859-11-25 00:11:34,Cogburg,DEPART
CARGO_570,1859-11-25 11:23:35,Copperhold,ARRIVE
CARGO_571,1859-11-25 11:23:35,Copperhold,DEPART
CARGO_571,1859-11-25 21:52:21,Cogburg,ARRIVE
CARGO_571,1859-11-26 12:08:41,Steamdrift,ARRIVE
CARGO_572,1859-11-26 12:08:41,Steamdrift,DEPART
CARGO_572,1859-11-27 03:02:46,Cogburg,ARRIVE
CARGO_572,1859-11-27 14:16:15,Copperhold,ARRIVE
CARGO_573,1859-11-27 14:16:15,Copperhold,DEPART
CARGO_573,1859-11-27 18:06:35,Irondale,ARRIVE
CARGO_573,1859-11-28 07:45:52,Rustport,ARRIVE
CARGO_574,1859-11-28 07:45:52,Rustport,DEPART
CARGO_574,1859-11-28 21:06:36,Irondale,ARRIVE
CARGO_574,1859-11-29 00:40:08,Copperhold,ARRIVE
CARGO_575,1859-11-29 00:40:08,Copperhold,DEPART
CARGO_575,1859-11-29 04:21:24,Irondale,ARRIVE
CARGO_575,1859-11-29 09:28:40,Gizbourne,ARRIVE
CARGO_576,1859-11-29 09:28:40,Gizbourne,DEPART
CARGO_576,1859-11-29 14:32:20,Irondale,ARRIVE
CARGO_576,1859-11-30 01:08:55,Cogburg,ARRIVE
CARGO_576,1859-11-30 14:29:26,Steamdrift,ARRIVE
CARGO_577,1859-11-30 14:29:26,Steamdrift,DEPART
CARGO_577,1859-12-01 04:25:06,Cogburg,ARRIVE
CARGO_578,1859-12-01 04:25:06,Cogburg,DEPART
CARGO_578,1859-12-01 15:03:40,Irondale,ARRIVE
CARGO_578,1859-12-01 20:13:16,Gizbourne,ARRIVE
CARGO_579,1859-12-01 20:13:16,Gizbourne,DEPART
CARGO_579,1859-12-02 01:31:17,Irondale,ARRIVE
CARGO_579,1859-12-02 05:28:01,Copperhold,ARRIVE
